<?xml version="1.0"?>
<manifest identifier="C999_Manifest" version="1.1"
          xmlns="http://www.imsproject.org/xsd/imscp_rootv1p1p2"
          xmlns:adlcp="http://www.adlnet.org/xsd/adlcp_rootv1p2"
          xmlns:xsi="http://www.w3.org/2001/XMLSchema-instance"
          xsi:schemaLocation="http://www.imsproject.org/xsd/imscp_rootv1p1p2 imscp_rootv1p1p2.xsd
                              http://www.imsglobal.org/xsd/imsmd_rootv1p2p1 imsmd_rootv1p2p1.xsd
                              http://www.adlnet.org/xsd/adlcp_rootv1p2 adlcp_rootv1p2.xsd">
   <organizations default="ORGC999F">

      <organization identifier="ORGC999F">

         <title>Course Material</title>

         <item identifier="C999F_I01" identifierref="RC999F_S01"  isvisible="true">
            <title>Commodity</title>
            <metadata>
               <schema>ADL SCORM</schema>
               <schemaversion>1.2</schemaversion>
            </metadata>
		 </item>
         <metadata>
            <schema>ADL SCORM</schema>
            <schemaversion>1.2</schemaversion>
         </metadata>
      </organization>
   </organizations>
   <resources>

      <resource identifier="RC999F_S01" type="webcontent" adlcp:scormtype="sco" href="m2-8_fr.html">
         <metadata>
            <schema>ADL SCORM</schema>
            <schemaversion>1.2</schemaversion>
         </metadata>
         <file href="m2-8_fr.html" />
      </resource>
   </resources>
</manifest>
